StartDate,EndDate,Status,IPAddress,Progress,Duration (in seconds),Finished,RecordedDate,ResponseId,RecipientLastName,RecipientFirstName,RecipientEmail,ExternalReference,LocationLatitude,LocationLongitude,DistributionChannel,UserLanguage,Q20,Q21,QID18,Q16,Q1,Q2,Q3,Q4,Q5,Q6,Q7,Q8,Q9,Q10,Q11,Q12,Q13,Q14,Q15,Q22,PROLIFIC_PID
Start Date,End Date,Response Type,IP Address,Progress,Duration (in seconds),Finished,Recorded Date,Response ID,Recipient Last Name,Recipient First Name,Recipient Email,External Data Reference,Location Latitude,Location Longitude,Distribution Channel,User Language,"Consent Form 

Purpose
In this survey, we ask you which types of smartphone data a user would be likely to provide in support of developing a digital health app for mental health screening and support of college students. You will *not* actually share any of your data as part of this study. This survey is expected to take approximately 2 to 3 minutes to complete.

Procedures to be followed
Your participation will consist of a one-time online session where you will be asked to answer a series of 16 questions

Risks to study participants
This study involves risk of minimal fatigue from computer use. There may be other risks that we cannot predict.

Benefits to research participants and othersYour participation will help us design a better technology for an effective mental health app. There are no direct benefits from participating in this research for you. 

Record keeping and confidentiality
The study will be conducted online and will be completely anonymous. Overall statistics may be published, while individual answers will not be published. Any publication or presentation of the study will not identify you. Records of your participation in this study will be confidential and managed by the online crowd-sourcing platform. To keep your information safe, the researchers will keep all responses on a password-protected system. If you do not finish the study, your partial data will not be used in any analyses or publications.

Compensation or treatment in the event of injury
We do not anticipate any situation in which injury could occur as a result of participation in this study. In the unlikely event of an injury, no compensation will be made for injuries resulting from participation in this study. You do not give up any of your legal rights by signing this statement. For more information about this research or about the rights of research participants, or in case of research-related injury, you may contact us through the Prolific messaging tools or via the information at this form. You can also reach the Institution Review Board Manager for this study, Ruth McKeogh at 508-831-6699 or irb@wpi.edu and the Human Protection Administrator, Gabriel Johnson at 508-831-4989 or gjohnson@wpi.edu. Your participation in this research is voluntary. Your refusal to participate will not result in any penalty to you or any loss of benefits to which you may otherwise be entitled. You may decide to stop participating in the research at any time without penalty or loss of other benefits. The project investigators retain the right to cancel or postpone the experimental procedures at any time they see fit.

Payment
For completing this survey, you will receive a payment of $0.50 distributed through the Prolific platform.  To ensure genuine participation, this survey may contain simple attention check questions. Failure to correctly complete such a check question may result in loss of payment.

Statement of Consent
By agreeing below, you indicate that you are at least 18 years of age; you have read this consent form; your questions have been answered to your satisfaction, and you voluntarily agree to participate in this research study.",What is your Prolific ID? Please note that this response should auto-fill with the correct ID.,Which of the following best describes your highest educational experience?,Which of the following age groups in years best describes you?,"How willing would you be to provide access to your verbal response to a question, such as, “Describe a good friend”, “What activities do you enjoy most”, etc.?",How willing would you be to take a photo of our face with your smartphone and then provide access to this photo?,"How willing would you be to provide access to your typed-in answer to a question, such as, “Describe a good friend”, “What activities do you enjoy most”, etc.?","How willing would you be to provide access to your health data from the smartphone health app, such as step count, mobility data, sleep history, etc. once?","How willing would you be to provide access to your health data from the smartphone health app, such as step count, mobility data, sleep history, etc. continuously for a study lasting 4 weeks?",How willing would you be to provide access to your GPS location data once?,How willing would you be to provide access to your GPS location data continuously for a study lasting 4 weeks?,How willing would you be to provide access to your Bluetooth (to determine the number of nearby devices)?,How willing would you be to provide access to your Bluetooth (to determine the number of nearby devices) continuously for a study lasting 4 weeks?,"How willing would you be to provide access to your TikTok viewing metadata (video descriptions, title, and date published) once?","How willing would you be to provide access to your TikTok viewing metadata (video descriptions, title, and date published) continuously for a study lasting 4 weeks?",How willing would you be to provide access to your Screen Time (Time Breakdown of App Usage)?,How willing would you be to provide access to your Screen Time (Time Breakdown of App Usage) continuously for a study lasting 4 weeks?,How willing would you be to provide access to your Browser Search Logs?,How willing would you be to provide access to your Browser Search Logs continuously for a study lasting 4 weeks?,"Optionally, please enter any additional thoughts you would like to share with us.",PROLIFIC_PID
"{""ImportId"":""startDate"",""timeZone"":""America/Denver""}","{""ImportId"":""endDate"",""timeZone"":""America/Denver""}","{""ImportId"":""status""}","{""ImportId"":""ipAddress""}","{""ImportId"":""progress""}","{""ImportId"":""duration""}","{""ImportId"":""finished""}","{""ImportId"":""recordedDate"",""timeZone"":""America/Denver""}","{""ImportId"":""_recordId""}","{""ImportId"":""recipientLastName""}","{""ImportId"":""recipientFirstName""}","{""ImportId"":""recipientEmail""}","{""ImportId"":""externalDataReference""}","{""ImportId"":""locationLatitude""}","{""ImportId"":""locationLongitude""}","{""ImportId"":""distributionChannel""}","{""ImportId"":""userLanguage""}","{""ImportId"":""QID20""}","{""ImportId"":""QID21_TEXT""}","{""ImportId"":""QID18""}","{""ImportId"":""QID16""}","{""ImportId"":""QID1""}","{""ImportId"":""QID2""}","{""ImportId"":""QID3""}","{""ImportId"":""QID4""}","{""ImportId"":""QID5""}","{""ImportId"":""QID6""}","{""ImportId"":""QID7""}","{""ImportId"":""QID8""}","{""ImportId"":""QID9""}","{""ImportId"":""QID10""}","{""ImportId"":""QID11""}","{""ImportId"":""QID12""}","{""ImportId"":""QID13""}","{""ImportId"":""QID14""}","{""ImportId"":""QID15""}","{""ImportId"":""QID22_TEXT""}","{""ImportId"":""PROLIFIC_PID""}"
2024-12-26 16:02:02,2024-12-26 16:02:27,1,,100,25,1,2024-12-26 16:02:28,R_3G2NP1ht58NgjX3,,,,,36.9135,-76.2826,preview,EN,,,,,,,,,,,,,,,,,,,,,
2024-12-30 09:30:23,2024-12-30 09:30:47,1,,100,23,1,2024-12-30 09:30:47,R_3JR4HhLh39VusEG,,,,,42.2917,-71.7858,preview,EN,,,,,,,,,,,,,,,,,,,,,
2025-01-09 21:36:45,2025-01-09 21:42:47,1,,100,361,1,2025-01-09 21:42:47,R_7js8nRx3E75sBte,,,,,42.4748,-71.4499,preview,EN,1,xxx,,,,2,,,,,,,,,,,,,5,,
2025-01-10 09:36:01,2025-01-10 09:36:05,1,,100,3,1,2025-01-10 09:36:05,R_3Z9KA6nc00eDQWd,,,,,42.2821,-71.8262,preview,EN,2,,,,,,,,,,,,,,,,,,,,
2025-01-10 09:37:58,2025-01-10 09:38:41,1,,100,43,1,2025-01-10 09:38:42,R_3ey0ZnVtYyhsZjk,,,,,42.2821,-71.8262,preview,EN,1,XXX,6,3,3,3,3,3,3,3,3,3,3,3,3,3,3,3,3,,
2025-01-10 09:42:48,2025-01-10 09:42:56,1,,100,7,1,2025-01-10 09:42:56,R_3RaBDi3GmXAtrws,,,,,42.2821,-71.8262,preview,EN,2,,,,,,,,,,,,,,,,,,,,
2025-01-12 19:43:32,2025-01-12 19:43:37,1,,100,4,1,2025-01-12 19:43:37,R_30wyuPpwN8wTHdT,,,,,42.262,-71.8007,preview,EN,2,,,,,,,,,,,,,,,,,,,,
2025-01-14 14:00:10,2025-01-14 14:00:21,1,,100,11,1,2025-01-14 14:00:22,R_3jw6EQj4ONh2S5o,,,,,42.2821,-71.8262,preview,EN,2,,,,,,,,,,,,,,,,,,,,
2025-01-16 08:10:58,2025-01-16 08:13:10,1,,100,132,1,2025-01-16 08:13:10,R_1wBpfloT2vuWbOe,,,,,42.3399,-71.1245,preview,EN,1,"(I don’t have one) ",5,2,5,2,5,4,5,4,3,5,5,2,2,4,5,1,1,Na,
2025-01-16 08:10:23,2025-01-16 08:13:28,1,,100,184,1,2025-01-16 08:13:28,R_6IjfIrQMQXJB8NL,,,,,42.2821,-71.8262,preview,EN,1,emily,3,2,5,4,5,5,5,2,2,5,5,5,5,5,5,4,2,n/a,
2025-01-16 08:11:56,2025-01-16 08:14:06,1,,100,130,1,2025-01-16 08:14:07,R_50UnS7SQGFA6Ffi,,,,,42.2821,-71.8262,preview,EN,1,Duncan,5,2,4,3,5,5,5,5,4,2,2,5,5,5,5,1,1,,
2025-01-16 08:10:42,2025-01-16 08:14:10,1,,100,207,1,2025-01-16 08:14:11,R_1h9B7gffIQLAS67,,,,,42.2821,-71.8262,preview,EN,1,489795929,3,2,5,3,5,4,3,5,3,4,5,4,4,4,4,1,1,,
2025-01-16 08:11:05,2025-01-16 08:14:23,1,,100,197,1,2025-01-16 08:14:23,R_7Rge2dEMap1WRyN,,,,,42.2821,-71.8262,preview,EN,1,dana,3,2,5,4,5,5,4,4,4,5,5,5,3,5,5,4,5,,
2025-01-16 08:10:22,2025-01-16 08:14:37,1,,100,255,1,2025-01-16 08:14:38,R_73kvXglBDT4Fewd,,,,,42.2821,-71.8262,preview,EN,1,alex,3,2,5,4,5,4,4,2,1,3,3,4,4,4,4,1,1,,
2025-02-05 07:20:30,2025-02-05 07:21:57,0,76.189.165.23,100,86,1,2025-02-05 07:21:57,R_7Ph66b4CfXhphvg,,,,,41.098,-81.6422,anonymous,EN,1,66b9f5d5facd4c9b2c2d6ecd,5,3,4,2,4,2,1,1,1,1,1,1,1,4,2,1,1,,66b9f5d5facd4c9b2c2d6ecd
2025-02-05 07:21:58,2025-02-05 07:23:36,0,208.71.181.65,100,97,1,2025-02-05 07:23:36,R_7S08W1i9shfC5PO,,,,,36.5686,-82.1819,anonymous,EN,1,5e0bc6961306443d9d728581,8,3,5,1,5,1,1,1,1,2,1,1,1,1,1,1,1,,5e0bc6961306443d9d728581
2025-02-05 07:22:45,2025-02-05 07:23:58,0,184.185.222.12,100,72,1,2025-02-05 07:23:58,R_7MDpUCT4ytRU5XI,,,,,29.6475,-82.404,anonymous,EN,1,672cd6ca39a0e18d35eab48d,2,2,4,1,5,4,4,1,1,1,1,1,1,4,4,1,1,,672cd6ca39a0e18d35eab48d
2025-02-05 07:22:23,2025-02-05 07:24:07,0,71.232.236.127,100,104,1,2025-02-05 07:24:08,R_5gZUgUellXTvUsh,,,,,43.0779,-71.2767,anonymous,EN,1,5ab42704ead3eb000151787d,3,4,5,1,5,1,1,1,1,1,1,1,1,1,1,1,1,,5ab42704ead3eb000151787d
2025-02-05 07:22:46,2025-02-05 07:24:12,0,99.111.155.194,100,85,1,2025-02-05 07:24:12,R_1o56v8HsQo3ky82,,,,,35.8047,-78.8881,anonymous,EN,1,678bf6fd7ba7af6da96f5e31,5,2,2,2,4,4,4,5,2,4,2,1,1,4,4,1,1,,678bf6fd7ba7af6da96f5e31
2025-02-05 07:22:22,2025-02-05 07:24:18,0,63.231.149.44,100,116,1,2025-02-05 07:24:18,R_6goIc3LgmxJivni,,,,,44.971,-93.0498,anonymous,EN,1,6504910c35d87452e508483d,3,4,1,1,4,1,1,4,4,4,4,1,1,3,1,1,1,,6504910c35d87452e508483d
2025-02-05 07:22:15,2025-02-05 07:24:27,0,172.58.150.110,100,132,1,2025-02-05 07:24:28,R_6JC0NrRGoyYE4pP,,,,,36.0711,-86.7196,anonymous,EN,1,6707774c7aaa4bcc8cce3622,2,3,3,5,3,5,3,5,4,4,3,4,5,1,1,3,3,Location and Bluetooth are sensitive information,6707774c7aaa4bcc8cce3622
2025-02-05 07:22:29,2025-02-05 07:24:28,0,208.127.183.73,100,119,1,2025-02-05 07:24:28,R_7nGvJwbnJU3TwAx,,,,,41.4852,-81.9292,anonymous,EN,1,57597452e8feea0006ef8805,5,3,5,4,5,4,4,4,3,3,1,5,4,5,5,1,1,"Entity and privacy policies make the difference here. ",57597452e8feea0006ef8805
2025-02-05 07:22:09,2025-02-05 07:24:28,0,66.228.30.4,100,139,1,2025-02-05 07:24:29,R_1E04BNQV9ZrH9ZI,,,,,45.9173,-119.3425,anonymous,EN,1,6110ddf8f352af9260aa7124,2,3,2,4,5,3,2,4,3,4,3,2,2,4,2,4,2,"The study went great! Not sure what to put here! ",6110ddf8f352af9260aa7124
2025-02-05 07:23:56,2025-02-05 07:24:51,0,166.181.84.119,100,54,1,2025-02-05 07:24:52,R_6dL0RBwZgx53t29,,,,,41.6073,-93.5308,anonymous,EN,1,6346ec54d92718e50403c433,6,4,5,5,5,5,5,5,5,5,5,5,5,5,5,5,5,,6346ec54d92718e50403c433
2025-02-05 07:23:11,2025-02-05 07:25:11,0,72.68.171.137,100,119,1,2025-02-05 07:25:11,R_7wc3TlmdHx2YeVw,,,,,40.8547,-73.9218,anonymous,EN,1,65ca842d3d4d39ebc892bd22,4,4,4,1,4,1,4,4,4,3,4,4,4,4,4,4,4,,65ca842d3d4d39ebc892bd22
2025-02-05 07:23:10,2025-02-05 07:25:20,0,172.58.122.21,100,130,1,2025-02-05 07:25:21,R_5rPfyTvDTyFF5MD,,,,,42.3983,-82.992,anonymous,EN,1,672bf6a8b306f66878d7d5ff,3,2,5,2,5,4,3,5,3,4,4,3,3,4,4,2,2,,672bf6a8b306f66878d7d5ff
2025-02-05 07:24:00,2025-02-05 07:25:39,0,71.176.122.20,100,98,1,2025-02-05 07:25:39,R_1t4TyCIaAQLreEh,,,,,43.181,-76.1088,anonymous,EN,1,610a81561cb8c17ebce209b3,3,3,4,3,5,4,4,4,4,3,3,5,4,5,4,4,4,,610a81561cb8c17ebce209b3
2025-02-05 07:24:45,2025-02-05 07:26:01,0,174.209.192.250,100,76,1,2025-02-05 07:26:02,R_5yciEK90s3OncCB,,,,,33.7696,-84.3374,anonymous,EN,1,661426c6e03c5d3abd69e1db,5,4,2,2,2,2,2,3,2,4,2,1,2,2,4,1,1,,661426c6e03c5d3abd69e1db
2025-02-05 07:21:59,2025-02-05 07:26:05,0,67.146.5.21,100,245,1,2025-02-05 07:26:05,R_13TDytU9wnRRrcj,,,,,40.1551,-76.6021,anonymous,EN,1,66afd222dabb28fe46f67c3e,5,3,4,1,3,1,1,1,1,1,1,1,1,1,1,1,1,,66afd222dabb28fe46f67c3e
2025-02-05 07:22:54,2025-02-05 07:26:06,0,174.106.80.29,100,192,1,2025-02-05 07:26:06,R_7deESsQafw4MuiZ,,,,,35.2369,-80.8957,anonymous,EN,1,662971dda6c07ecc0a1a243a,5,5,4,1,4,1,1,1,3,1,1,1,1,1,1,1,1,,662971dda6c07ecc0a1a243a
2025-02-05 07:23:54,2025-02-05 07:26:15,0,67.146.89.61,100,141,1,2025-02-05 07:26:15,R_1k1eg1SaupAWywr,,,,,35.6353,-78.4503,anonymous,EN,1,66a1bf056ab92a8d48010903,2,4,4,4,5,3,4,4,3,2,2,2,2,2,2,2,2,n/a,66a1bf056ab92a8d48010903
2025-02-05 07:24:44,2025-02-05 07:26:26,0,172.56.32.214,100,101,1,2025-02-05 07:26:26,R_3zIT8IJC3FeSuXt,,,,,38.9034,-76.9882,anonymous,EN,1,66fc364b14f9e6673c0298a6,4,3,5,1,5,5,5,1,1,5,5,3,3,5,5,1,1,,66fc364b14f9e6673c0298a6
2025-02-05 07:25:11,2025-02-05 07:26:43,0,67.86.34.105,100,92,1,2025-02-05 07:26:44,R_7QhGPV3p6YQAm69,,,,,41.0287,-74.6429,anonymous,EN,1,670fe98d7026b251962d9024,2,4,5,5,5,4,5,1,1,1,4,2,4,5,4,2,2,"Thank you! ",670fe98d7026b251962d9024
2025-02-05 07:26:08,2025-02-05 07:27:34,0,166.198.21.85,100,86,1,2025-02-05 07:27:35,R_3QQpDcs7YfRlJHo,,,,,41.2045,-73.1988,anonymous,EN,1,673376b87e1cd06d292047d0,3,3,4,4,4,4,4,4,4,4,4,3,4,4,3,4,4,,673376b87e1cd06d292047d0
2025-02-05 07:26:30,2025-02-05 07:27:38,0,76.34.251.6,100,67,1,2025-02-05 07:27:38,R_5u381Ccj699tQGd,,,,,40.7627,-82.5593,anonymous,EN,1,6400df36b874223e35e25247,5,4,5,2,5,1,1,3,1,1,1,1,1,1,1,1,1,,6400df36b874223e35e25247
2025-02-05 07:22:43,2025-02-05 07:27:43,0,174.164.166.87,100,299,1,2025-02-05 07:27:43,R_3FPpP5BMBS1SYrA,,,,,47.2694,-122.2478,anonymous,EN,1,610720be056fb1454ee79c3e,3,5,5,4,4,3,4,3,2,2,2,3,3,4,4,2,3,,610720be056fb1454ee79c3e
2025-02-05 07:27:17,2025-02-05 07:29:22,0,98.10.16.16,100,124,1,2025-02-05 07:29:23,R_3RO1A1TlyrBo7R9,,,,,43.0475,-77.094,anonymous,EN,1,671798b7d4db73aba8605dae,2,3,3,1,4,4,4,2,2,1,2,2,3,2,2,3,3,,671798b7d4db73aba8605dae
2025-02-05 07:26:47,2025-02-05 07:29:52,0,75.58.7.243,100,185,1,2025-02-05 07:29:53,R_12zl0R8vGLRpiSe,,,,,33.7657,-84.2951,anonymous,EN,1,664fd49ed9c66a48afed510e,3,3,5,1,5,2,2,3,3,5,4,3,3,5,5,3,3,,664fd49ed9c66a48afed510e
2025-02-05 07:28:13,2025-02-05 07:30:01,0,97.182.29.25,100,108,1,2025-02-05 07:30:02,R_72yDKfwzlZuzYfn,,,,,33.6262,-112.0074,anonymous,EN,1,6724e454fa1fb8a3de14b7bd,3,2,4,4,4,2,1,1,1,2,1,1,1,1,1,1,1,,6724e454fa1fb8a3de14b7bd
2025-02-05 07:28:18,2025-02-05 07:30:25,0,142.202.125.228,100,127,1,2025-02-05 07:30:26,R_1PB3hpkOj3y0U1X,,,,,41.4078,-92.9172,anonymous,EN,1,6702f2952a6d8b5e12af5802,5,5,5,2,4,1,1,4,1,2,2,1,1,2,1,2,1,,6702f2952a6d8b5e12af5802
2025-02-05 07:23:34,2025-02-05 07:30:42,0,74.66.243.140,100,427,1,2025-02-05 07:30:42,R_7O2kqeYavzIOMoQ,,,,,40.7787,-73.9132,anonymous,EN,1,58472149000f1000010ebc53,5,5,1,1,3,4,4,3,1,2,1,2,1,4,4,1,1,After seeing what people can do with AI using just a small sample of your voice and a picture of your face I'm very reluctant to share this kind of information online.,58472149000f1000010ebc53
2025-02-05 07:29:06,2025-02-05 07:30:44,0,73.185.77.114,100,97,1,2025-02-05 07:30:44,R_62FtOf2rTNhvowS,,,,,38.6711,-121.1495,anonymous,EN,1,63fa3bd12acc0f7d824fafd1,6,3,2,2,5,4,4,1,1,1,1,4,4,2,1,1,1,,63fa3bd12acc0f7d824fafd1
2025-02-05 07:28:55,2025-02-05 07:30:46,0,71.58.49.77,100,110,1,2025-02-05 07:30:47,R_7M3CgdiwVxoOplc,,,,,39.9203,-75.1108,anonymous,EN,1,60fee12d6593528d131f916e,5,9,2,1,5,1,1,1,1,1,1,1,1,1,1,1,1,,60fee12d6593528d131f916e
2025-02-05 07:29:17,2025-02-05 07:31:01,0,73.180.8.254,100,103,1,2025-02-05 07:31:01,R_5dK5dypMsAuyntT,,,,,45.5153,-122.5523,anonymous,EN,1,5e52a52318e10a2ad4462262,4,4,1,1,5,2,1,5,1,3,1,1,1,3,4,1,1,,5e52a52318e10a2ad4462262
2025-02-05 07:29:07,2025-02-05 07:31:56,0,73.62.95.53,100,168,1,2025-02-05 07:31:56,R_5BCBL8rHHcuG0dr,,,,,27.0045,-82.0151,anonymous,EN,1,5c2e693a86a578000141ca47,5,5,5,1,5,2,1,1,1,1,1,1,1,1,1,1,1,,5c2e693a86a578000141ca47
2025-02-05 07:32:37,2025-02-05 07:33:59,0,172.58.167.50,100,81,1,2025-02-05 07:33:59,R_5cvetkhtBIGSlmG,,,,,41.7697,-87.6985,anonymous,EN,1,639a377ae81184e896e1daaf,6,5,5,1,5,4,4,1,1,1,1,1,1,2,1,2,1,Thank you for allowing me to share my feedback with you. Have a blessed and amazing rest of your day!,639a377ae81184e896e1daaf
2025-02-05 07:31:06,2025-02-05 07:34:03,0,77.81.81.148,100,177,1,2025-02-05 07:34:04,R_1r8OlHqjo6im3Cx,,,,,39.0469,-77.4903,anonymous,EN,1,6742e491f00d7e803911ca4a,5,2,4,2,4,2,2,2,2,4,5,4,4,2,3,4,4,,6742e491f00d7e803911ca4a
2025-02-05 07:32:54,2025-02-05 07:34:36,0,136.226.74.193,100,101,1,2025-02-05 07:34:37,R_71zE5ivHzHfzIpr,,,,,42.3574,-71.0618,anonymous,EN,1,5eda86226763346ac679ca5f,3,3,3,1,4,5,4,5,1,1,1,1,2,4,4,1,1,,5eda86226763346ac679ca5f
2025-02-05 07:31:13,2025-02-05 07:34:41,0,68.44.39.202,100,208,1,2025-02-05 07:34:41,R_5PYZCDZBjfKLVbX,,,,,39.7628,-86.5343,anonymous,EN,1,6703f0be12aa453f3959abd4,3,5,4,2,4,2,2,2,1,2,2,4,4,4,4,2,3,,6703f0be12aa453f3959abd4
2025-02-05 07:33:30,2025-02-05 07:34:49,0,208.191.84.202,100,78,1,2025-02-05 07:34:49,R_7lfynELQ56Q2McK,,,,,33.8336,-84.3797,anonymous,EN,1,652d461fa15fc7cb72f28e82,5,5,4,1,4,1,1,1,1,1,1,1,1,1,4,1,1,,652d461fa15fc7cb72f28e82
2025-02-05 07:33:44,2025-02-05 07:35:15,0,24.144.188.232,100,90,1,2025-02-05 07:35:15,R_6FX4FEd0TwgDBD3,,,,,40.685,-80.1071,anonymous,EN,1,660dff93ef11b23566dd4af9,6,5,3,1,2,4,4,2,2,2,2,1,1,3,2,1,2,,660dff93ef11b23566dd4af9
2025-02-05 07:33:55,2025-02-05 07:35:19,0,76.98.57.42,100,83,1,2025-02-05 07:35:19,R_5qmm7jlbyj0e8HT,,,,,39.934,-75.16,anonymous,EN,1,558ab509fdf99b65685f024e,5,4,5,5,5,4,3,3,3,2,2,1,1,4,3,4,4,,558ab509fdf99b65685f024e
2025-02-05 07:32:18,2025-02-05 07:35:20,0,172.59.191.147,100,182,1,2025-02-05 07:35:20,R_7C09k28Jf0qnwkh,,,,,41.8835,-87.6305,anonymous,EN,1,601cbb3526aa517be4a924ce,5,6,1,1,3,4,1,2,1,1,1,1,1,1,3,1,1,,601cbb3526aa517be4a924ce
2025-02-05 07:33:13,2025-02-05 07:35:25,0,136.26.71.237,100,131,1,2025-02-05 07:35:26,R_5etouk7vCt6gTD3,,,,,32.7173,-117.157,anonymous,EN,1,66bba307f316e9d93bdd0039,5,4,3,3,3,3,3,3,3,3,3,3,3,3,3,3,3,who is all this stuff supposed to be shared with? that makes a bug difference.,66bba307f316e9d93bdd0039
2025-02-05 07:34:12,2025-02-05 07:35:25,0,208.80.167.25,100,72,1,2025-02-05 07:35:26,R_1PmAis8xmRb3y9a,,,,,33.4669,-94.0774,anonymous,EN,1,5f4d6d213ff046a3ecd1b314,7,3,5,1,5,5,5,1,1,1,1,4,4,5,5,2,4,,5f4d6d213ff046a3ecd1b314
2025-02-05 07:32:48,2025-02-05 07:35:44,0,24.88.43.31,100,175,1,2025-02-05 07:35:45,R_5ux2NDG2tdhpIgp,,,,,35.082,-80.6662,anonymous,EN,1,65e45ae4948a569d84ef3599,3,6,5,3,5,1,1,1,1,1,1,1,1,1,1,1,1,"I am protective about privacy with certain areas of my life. ",65e45ae4948a569d84ef3599
2025-02-05 07:34:30,2025-02-05 07:36:12,0,172.58.130.202,100,101,1,2025-02-05 07:36:12,R_5I10Ybt0dhEUXEl,,,,,25.8119,-80.2318,anonymous,EN,1,5cefdd3d782f0a000169ec4b,5,4,5,2,5,5,5,5,3,2,2,5,4,4,4,4,3,,5cefdd3d782f0a000169ec4b
2025-02-05 07:34:43,2025-02-05 07:36:23,0,172.12.150.94,100,100,1,2025-02-05 07:36:24,R_1bVQMjpff5lLn2d,,,,,33.9141,-84.8274,anonymous,EN,1,6750df723833963df79c711f,3,3,1,2,5,5,4,5,4,4,4,5,4,5,4,4,4,,6750df723833963df79c711f
2025-02-05 07:35:10,2025-02-05 07:36:40,0,216.78.243.106,100,90,1,2025-02-05 07:36:40,R_5C7gEA4kvFQpRaV,,,,,32.7863,-80.1055,anonymous,EN,1,5dd01213f83c9f102a98ce84,5,3,5,1,5,2,4,4,1,1,1,2,2,5,2,2,2,,5dd01213f83c9f102a98ce84
2025-02-05 07:33:16,2025-02-05 07:37:03,0,66.227.174.221,100,227,1,2025-02-05 07:37:04,R_6Q5wpYBHZQyQL8B,,,,,43.9553,-86.4526,anonymous,EN,1,5e72318254cb2015a07ef417,4,4,1,5,4,3,3,3,2,3,3,5,5,2,2,4,3,"I avoid TikTok, while i do view things on it occasionally when a friend sends it, I do not have a profile at all. I answered the questions as if they were asking about Instagram, which i use frequently",5e72318254cb2015a07ef417
2025-02-05 07:34:13,2025-02-05 07:37:06,0,73.224.225.223,100,173,1,2025-02-05 07:37:07,R_7MtcjaCvdPbdEcR,,,,,30.3122,-81.7243,anonymous,EN,1,66d91bd68f2ca7df0a6253bd,4,6,3,1,3,1,1,3,1,3,3,1,1,1,1,1,1,,66d91bd68f2ca7df0a6253bd
2025-02-05 07:34:52,2025-02-05 07:37:13,0,24.211.50.34,100,140,1,2025-02-05 07:37:13,R_7hgVXIDibvxkkXg,,,,,34.0649,-81.028,anonymous,EN,1,65ddb419cd6dd91fdbe6dbdc,3,2,1,1,5,1,1,1,1,1,1,1,1,1,1,1,1,,65ddb419cd6dd91fdbe6dbdc
2025-02-05 07:35:53,2025-02-05 07:37:30,0,107.127.28.124,100,96,1,2025-02-05 07:37:30,R_59t53pjYL3pQJY5,,,,,33.9371,-84.0785,anonymous,EN,1,673222bc257602ee1b4a6141,5,2,5,4,4,5,4,2,5,4,3,2,4,4,5,4,2,,673222bc257602ee1b4a6141
2025-02-05 07:35:56,2025-02-05 07:37:37,0,136.49.87.146,100,100,1,2025-02-05 07:37:37,R_6f2ZzMC3thmzuG2,,,,,30.2095,-97.7972,anonymous,EN,1,6606d2a8aa263f6788685cd2,6,4,1,1,5,1,1,3,3,1,1,1,1,3,3,1,1,,6606d2a8aa263f6788685cd2
2025-02-05 07:35:34,2025-02-05 07:37:40,0,38.146.204.187,100,126,1,2025-02-05 07:37:41,R_19oDRvjFLzN5Fnc,,,,,39.0127,-77.5342,anonymous,EN,1,5fb34173d12d60a7e5cdd8b6,5,3,5,5,5,5,5,5,2,4,2,4,2,5,4,1,1,,5fb34173d12d60a7e5cdd8b6
2025-02-05 07:35:45,2025-02-05 07:37:43,0,67.6.19.29,100,118,1,2025-02-05 07:37:43,R_1WIkhzhXhn4dwXf,,,,,38.9933,-92.3078,anonymous,EN,1,66464354449c2d4c2de11537,5,3,4,2,5,2,2,2,1,2,1,2,2,2,2,1,1,,66464354449c2d4c2de11537
2025-02-05 07:35:05,2025-02-05 07:38:09,0,172.58.132.126,100,184,1,2025-02-05 07:38:10,R_52OWqgMXTMf1Ned,,,,,26.1481,-80.2088,anonymous,EN,1,6315dbda57439d794f865dbd,5,5,5,4,5,5,4,5,4,5,4,3,3,4,4,3,3,,6315dbda57439d794f865dbd
2025-02-05 07:36:45,2025-02-05 07:38:11,0,76.72.18.75,100,86,1,2025-02-05 07:38:11,R_5Ym370NROJBlm7h,,,,,30.181,-92.0477,anonymous,EN,1,5c3d49f6486a390001e87d8e,5,3,1,1,5,1,1,1,1,1,1,1,1,2,2,2,3,,5c3d49f6486a390001e87d8e
2025-02-05 07:34:57,2025-02-05 07:38:22,0,71.211.5.122,100,205,1,2025-02-05 07:38:22,R_5gqeWZNcLT0PQqJ,,,,,38.8289,-104.5269,anonymous,EN,1,663dadf89756c9fe270a5f5f,4,4,3,3,5,2,2,4,2,2,2,3,2,3,2,2,2,None,663dadf89756c9fe270a5f5f
2025-02-05 07:36:17,2025-02-05 07:38:23,0,63.151.4.190,100,125,1,2025-02-05 07:38:23,R_3viXDcbQ7EEEnKe,,,,,26.5286,-81.7056,anonymous,EN,1,6747c1a6d5caf733620971b4,2,5,3,1,3,1,1,3,1,1,1,1,1,1,1,1,1,,6747c1a6d5caf733620971b4
2025-02-05 07:36:51,2025-02-05 07:38:29,0,172.59.212.113,100,98,1,2025-02-05 07:38:30,R_1dqUGrCPzbbak01,,,,,40.7119,-74.2203,anonymous,EN,1,5f43f77111f9d6135624012a,5,3,4,1,5,1,1,1,1,2,1,3,1,4,1,1,1,,5f43f77111f9d6135624012a
2025-02-05 07:35:21,2025-02-05 07:38:46,0,73.207.80.163,100,205,1,2025-02-05 07:38:46,R_7s7tjkoLY5fLzpo,,,,,34.0797,-83.9328,anonymous,EN,1,673b1c300a415ab6d503a61d,3,4,5,2,5,5,5,5,5,5,5,5,5,5,5,3,4,,673b1c300a415ab6d503a61d
2025-02-05 07:36:56,2025-02-05 07:38:54,0,174.197.67.108,100,117,1,2025-02-05 07:38:54,R_3KushGb87tFr5DU,,,,,32.7797,-96.8022,anonymous,EN,1,6744ff1dc9f374a840629259,3,3,5,1,5,5,3,1,1,1,1,1,1,5,5,1,1,,6744ff1dc9f374a840629259
2025-02-05 07:37:48,2025-02-05 07:38:57,0,76.32.175.150,100,68,1,2025-02-05 07:38:58,R_131YLw8PNhKhUNP,,,,,34.6906,-118.1417,anonymous,EN,1,668c3d366a81311ad96a480b,2,2,5,3,5,3,3,3,3,4,4,1,1,4,4,3,5,,668c3d366a81311ad96a480b
2025-02-05 07:36:32,2025-02-05 07:39:00,0,174.198.5.93,100,148,1,2025-02-05 07:39:01,R_3anuYpUYygJowii,,,,,39.9522,-75.1647,anonymous,EN,1,5e552a5e45774651f60e62b3,5,3,5,3,5,4,3,5,1,4,2,5,4,5,5,1,1,,5e552a5e45774651f60e62b3
2025-02-05 07:37:26,2025-02-05 07:39:06,0,74.72.171.165,100,99,1,2025-02-05 07:39:08,R_7c0L4CN7LzCxL6F,,,,,40.705,-73.9038,anonymous,EN,1,67869086d59732cedb3c1305,2,2,3,3,5,5,4,1,1,3,3,3,5,5,5,5,4,,67869086d59732cedb3c1305
2025-02-05 07:34:04,2025-02-05 07:39:20,0,107.119.69.56,100,316,1,2025-02-05 07:39:20,R_1eoF9FFCm8bSuiZ,,,,,36.0595,-86.6592,anonymous,EN,1,616b8139551b94321313af3e,3,5,1,1,2,3,1,4,1,1,1,3,3,1,3,3,3,,616b8139551b94321313af3e
2025-02-05 07:37:09,2025-02-05 07:39:27,0,174.205.98.209,100,138,1,2025-02-05 07:39:28,R_7qDZ9y1ff9QbtDJ,,,,,36.115,-115.2165,anonymous,EN,1,5a69f41df10cdb0001b10329,3,4,5,5,5,5,5,5,5,5,5,5,5,5,5,5,5,,5a69f41df10cdb0001b10329
2025-02-05 07:38:15,2025-02-05 07:39:28,0,63.143.176.68,100,73,1,2025-02-05 07:39:28,R_7fDilKMwJWl74lL,,,,,35.3596,-82.4266,anonymous,EN,1,53987712fdf99b68e3a45021,5,3,3,1,4,1,1,3,1,1,1,1,1,1,1,1,1,,53987712fdf99b68e3a45021
2025-02-05 07:37:08,2025-02-05 07:39:37,0,198.21.188.99,100,149,1,2025-02-05 07:39:38,R_3HOFhXV9Rh3odnb,,,,,34.6775,-82.8362,anonymous,EN,1,66cde3fb375636edaf24cb8e,3,2,4,2,4,4,2,4,4,2,3,2,2,4,2,2,2,,66cde3fb375636edaf24cb8e
2025-02-05 07:38:00,2025-02-05 07:39:55,0,172.59.122.83,100,115,1,2025-02-05 07:39:55,R_569iJR6gu7fzYMH,,,,,35.5999,-97.6243,anonymous,EN,1,58d552e09dbe3f00012591f2,2,5,5,1,5,1,1,1,1,1,1,1,1,1,1,1,1,,58d552e09dbe3f00012591f2
2025-02-05 07:38:45,2025-02-05 07:40:10,0,50.236.63.212,100,84,1,2025-02-05 07:40:10,R_72n1oZyR0Vl7og0,,,,,39.9594,-86.0199,anonymous,EN,1,5ebc2f9afa522403c209cf46,5,3,1,1,1,1,1,1,1,1,1,1,1,1,1,1,1,,5ebc2f9afa522403c209cf46
2025-02-05 07:38:51,2025-02-05 07:40:17,0,174.97.177.176,100,85,1,2025-02-05 07:40:17,R_3QkiLvcQLopkwql,,,,,44.4489,-88.0604,anonymous,EN,1,5d5434e959f4b1001a6866e7,6,4,2,1,1,1,1,2,1,1,1,1,1,1,1,1,1,,5d5434e959f4b1001a6866e7
2025-02-05 07:36:07,2025-02-05 07:40:33,0,172.59.243.93,100,265,1,2025-02-05 07:40:33,R_3aiersrVuBBGVON,,,,,39.7184,-82.6073,anonymous,EN,1,62e9af0ad2d5938d280419ad,4,4,4,2,4,1,1,3,1,2,2,2,1,1,1,1,1,"I feel like most of this data is obtained by loopholes and agreements between apps, and questions like these are to give the illusion of control of one's privacy, but I still don't like to knowingly provide it ",62e9af0ad2d5938d280419ad
2025-02-05 07:40:08,2025-02-05 07:40:58,0,70.109.217.223,100,50,1,2025-02-05 07:40:58,R_3QFgJAaZsjK4O3A,,,,,42.327,-71.2008,anonymous,EN,1,65cb6fdbf0ca3606c22b9eb7,5,3,1,1,2,1,1,1,1,1,1,1,1,2,2,1,1,,65cb6fdbf0ca3606c22b9eb7
2025-02-05 07:40:40,2025-02-05 07:41:46,0,76.85.131.177,100,65,1,2025-02-05 07:41:46,R_7wdadbTDxJoPCJ0,,,,,29.7229,-98.0742,anonymous,EN,1,56435b83942576000a66eb5d,5,5,5,4,5,1,1,2,1,1,1,1,1,1,1,1,1,,56435b83942576000a66eb5d
2025-02-05 07:40:45,2025-02-05 07:42:02,0,108.82.203.141,100,77,1,2025-02-05 07:42:03,R_6dFijMxOeKzjOu1,,,,,35.5312,-81.0298,anonymous,EN,1,6503119f7522c9e4baeb3eca,5,4,4,4,4,4,4,4,2,3,2,4,5,4,4,4,4,,6503119f7522c9e4baeb3eca
2025-02-05 07:40:24,2025-02-05 07:42:09,0,76.117.230.54,100,105,1,2025-02-05 07:42:10,R_7vtlA9J9yXuz24F,,,,,39.3773,-74.6123,anonymous,EN,1,604dff87be5115f1266d3963,6,6,3,3,5,3,3,3,3,3,3,3,3,3,3,3,3,,604dff87be5115f1266d3963
2025-02-05 07:40:45,2025-02-05 07:42:18,0,172.58.223.175,100,92,1,2025-02-05 07:42:19,R_51tcQOMaKsxlA2t,,,,,42.3602,-71.0594,anonymous,EN,1,5e52aa0d9803c32c08278c35,5,4,4,1,5,1,1,1,1,1,1,1,1,1,1,1,1,I don’t have any,5e52aa0d9803c32c08278c35
2025-02-05 07:40:09,2025-02-05 07:42:41,0,198.105.84.154,100,151,1,2025-02-05 07:42:41,R_71pJKzIA9Nw3ck2,,,,,26.6113,-80.1743,anonymous,EN,1,67717fb2ee6a1a1992443899,6,7,4,1,4,2,2,2,1,3,3,4,4,4,4,4,4,,67717fb2ee6a1a1992443899
2025-02-05 07:41:29,2025-02-05 07:43:10,0,172.56.208.64,100,100,1,2025-02-05 07:43:10,R_3q2qmqO05Dbp6mB,,,,,36.122,-115.086,anonymous,EN,1,6612b3449105fbfa6c67d9c1,4,5,5,2,5,5,5,5,1,4,4,1,1,5,5,4,1,,6612b3449105fbfa6c67d9c1
2025-02-05 07:39:53,2025-02-05 07:43:45,0,174.228.164.18,100,232,1,2025-02-05 07:43:45,R_7uKWpVaGUgtcuEw,,,,,28.4932,-81.2878,anonymous,EN,1,66204461946090aabd3e6f0f,5,6,1,1,1,2,1,4,1,2,1,1,1,1,1,1,1,"I think we already live in a surveillance rich environment and wouldn’t  wish to add any access to any personal, usage or location data",66204461946090aabd3e6f0f
2025-02-05 07:41:37,2025-02-05 07:43:47,0,24.2.3.47,100,130,1,2025-02-05 07:43:48,R_7rpypdMXLPzKiiF,,,,,38.8868,-94.8223,anonymous,EN,1,611d9a96cb8247c0a431843b,6,3,2,1,4,3,2,1,1,4,4,1,1,2,3,1,3,I recently watched a pbs documentary on surveillance in mainland china and am now much less willing to share any of my data,611d9a96cb8247c0a431843b
2025-02-05 07:42:21,2025-02-05 07:43:53,0,205.144.219.254,100,92,1,2025-02-05 07:43:54,R_1wHT3NNEpoFdctG,,,,,34.7828,-84.9332,anonymous,EN,1,663e3ff81f442e7ad943a761,5,3,5,1,5,2,1,1,1,1,1,4,1,2,1,2,1,,663e3ff81f442e7ad943a761
2025-02-05 07:41:41,2025-02-05 07:44:08,0,174.242.135.122,100,146,1,2025-02-05 07:44:08,R_6P6tWUr2PEexjpw,,,,,41.7958,-72.5241,anonymous,EN,1,55d1955dcc2b1800102be8e3,4,5,3,3,3,5,5,4,4,3,3,1,1,4,4,2,3,It all depends on what privacy features are being looked at and how long the study would last. I'm more apt to allow a day than a four week study. It just depends on the subject.,55d1955dcc2b1800102be8e3
2025-02-05 07:40:45,2025-02-05 07:44:08,0,24.12.180.65,100,202,1,2025-02-05 07:44:09,R_3KnDKZkIdzI864x,,,,,41.923,-87.7531,anonymous,EN,1,668ef6d58990b3bda30ef491,5,5,1,1,4,2,1,3,1,1,1,1,1,1,1,1,1,"It's frustrating when you repeat questions. ",668ef6d58990b3bda30ef491
2025-02-05 07:43:10,2025-02-05 07:44:20,0,152.3.43.231,100,69,1,2025-02-05 07:44:20,R_3Nbt0Nqf4hrfk1u,,,,,36.0229,-78.9464,anonymous,EN,1,655f8f04860e2c0fe8291155,5,2,5,3,5,4,4,5,3,4,3,4,4,4,5,4,4,,655f8f04860e2c0fe8291155
2025-02-05 07:39:58,2025-02-05 07:44:21,0,74.131.68.103,100,263,1,2025-02-05 07:44:22,R_5OVj5K7V1dxjtMs,,,,,38.3078,-85.7359,anonymous,EN,1,6788394b8e13dafbe00b7c09,3,5,4,3,4,4,2,2,2,4,2,4,1,4,3,1,1,"It’s very instinctive to not want to give someone access to your phone, especially for an extended period of time. It would depend on how trustworthy I found the person requesting access and if money was involved ",6788394b8e13dafbe00b7c09
2025-02-05 07:43:43,2025-02-05 07:44:46,0,24.44.106.63,100,62,1,2025-02-05 07:44:46,R_1tbdzXAU22UgU6r,,,,,40.5828,-73.9532,anonymous,EN,1,5e06389719232d022f392c9a,5,6,2,1,2,1,1,1,1,1,1,1,1,1,1,1,1,,5e06389719232d022f392c9a
2025-02-05 07:43:31,2025-02-05 07:45:09,0,74.98.36.63,100,98,1,2025-02-05 07:45:10,R_5FIWFlkVYLwhkU2,,,,,40.5217,-79.8423,anonymous,EN,1,5ef4d71e2e4e740edef0340a,5,4,4,2,5,5,5,4,3,2,2,1,1,4,3,4,1,,5ef4d71e2e4e740edef0340a
2025-02-05 07:43:19,2025-02-05 07:45:15,0,73.13.210.128,100,115,1,2025-02-05 07:45:16,R_52LWTSa8v6E7bT2,,,,,40.3061,-75.1483,anonymous,EN,1,6759952d860b4c0446698f2c,5,5,2,2,2,4,4,3,2,1,2,1,1,1,1,1,1,,6759952d860b4c0446698f2c
2025-02-05 07:43:46,2025-02-05 07:45:25,0,204.111.114.244,100,99,1,2025-02-05 07:45:26,R_124ULExnYJO9Rhe,,,,,37.2555,-80.0531,anonymous,EN,1,63d3f9666978779139a949bb,6,3,5,3,5,2,2,3,2,2,3,1,2,3,2,1,2,,63d3f9666978779139a949bb
2025-02-05 07:42:08,2025-02-05 07:45:26,0,212.116.254.2,100,198,1,2025-02-05 07:45:27,R_5jVfnUfwBotHiDR,,,,,39.0469,-77.4903,anonymous,EN,1,5e59feea5bb31220840c12c6,5,3,4,4,4,4,4,4,4,4,4,4,4,4,4,4,4,,5e59feea5bb31220840c12c6
2025-02-05 07:42:05,2025-02-05 07:45:37,0,71.208.195.123,100,211,1,2025-02-05 07:45:37,R_1GZ7LXb2RwVvl1D,,,,,26.5559,-82.0214,anonymous,EN,1,669a55234d1355f2702a662d,2,5,4,4,5,4,4,2,1,3,1,2,2,4,4,2,2,,669a55234d1355f2702a662d
2025-02-05 07:44:22,2025-02-05 07:45:38,0,147.92.28.189,100,76,1,2025-02-05 07:45:38,R_39s8kuUmVGUOKhj,,,,,36.5686,-86.5142,anonymous,EN,1,55aa9c8dfdf99b634b427b9a,3,4,5,1,5,1,1,1,1,1,1,1,1,3,1,1,1,,55aa9c8dfdf99b634b427b9a
2025-02-05 07:44:05,2025-02-05 07:45:43,0,172.56.40.5,100,98,1,2025-02-05 07:45:43,R_3rueEpg8KSnRVyo,,,,,29.4553,-98.5677,anonymous,EN,1,670d287b71a8a3b34dfb6f2e,3,3,4,1,5,3,3,4,3,1,2,4,4,5,5,1,1,,670d287b71a8a3b34dfb6f2e
2025-02-05 07:44:17,2025-02-05 07:45:48,0,73.106.23.82,100,91,1,2025-02-05 07:45:48,R_3qdSFaa3uZ5r4xR,,,,,33.9349,-84.3922,anonymous,EN,1,5af493961b55800001f494c6,6,4,5,5,5,2,1,2,1,2,1,3,3,4,4,1,1,,5af493961b55800001f494c6
2025-02-05 07:43:30,2025-02-05 07:46:08,0,76.126.218.18,100,157,1,2025-02-05 07:46:09,R_728WKU5u2ALQh7e,,,,,37.6609,-122.0491,anonymous,EN,1,5d4bed118cbe900016c1f6d0,5,3,4,4,2,5,5,4,3,4,4,4,4,5,5,5,5,,5d4bed118cbe900016c1f6d0
2025-02-05 07:44:53,2025-02-05 07:46:12,0,73.207.149.206,100,79,1,2025-02-05 07:46:13,R_5gvfszyAJVuUsMl,,,,,33.6926,-84.2509,anonymous,EN,1,5e8a1827052175000938eb91,2,3,2,2,3,2,3,4,1,4,4,2,2,2,2,2,3,,5e8a1827052175000938eb91
2025-02-05 07:43:47,2025-02-05 07:46:13,0,192.161.79.232,100,145,1,2025-02-05 07:46:13,R_14FTyWso1iRkFRi,,,,,37.3053,-79.9252,anonymous,EN,1,615c9083ffc1ce3be0325609,3,4,4,2,5,5,4,2,1,4,4,4,4,5,5,2,2,,615c9083ffc1ce3be0325609
2025-02-05 07:40:44,2025-02-05 07:46:14,0,172.59.58.189,100,330,1,2025-02-05 07:46:14,R_3yIpgJ3YLhIHtW9,,,,,21.3513,-157.8725,anonymous,EN,1,6721f3c2c71075a5620e7ee1,3,5,5,4,5,4,5,3,4,5,4,3,5,4,4,4,4,,6721f3c2c71075a5620e7ee1
2025-02-05 07:44:28,2025-02-05 07:46:19,0,12.74.211.46,100,111,1,2025-02-05 07:46:19,R_3jMWqKcYRzzSQBC,,,,,40.65,-112.0061,anonymous,EN,1,668b1c9cf1eaae48f75e24ca,5,4,1,5,5,1,1,1,1,1,1,1,1,1,1,1,1,,668b1c9cf1eaae48f75e24ca
2025-02-05 07:44:36,2025-02-05 07:46:22,0,47.225.210.178,100,105,1,2025-02-05 07:46:22,R_5P1oEBbTDJkxOkp,,,,,44.7499,-93.2081,anonymous,EN,1,5e349833001ff8468fda08c6,4,3,2,1,2,2,2,1,1,2,1,5,5,4,5,3,3,,5e349833001ff8468fda08c6
2025-02-05 07:44:49,2025-02-05 07:46:22,0,174.242.33.124,100,93,1,2025-02-05 07:46:23,R_57wJaUDUDFmsqUr,,,,,40.3775,-79.9613,anonymous,EN,1,66b41679b48873793fd2993a,5,3,1,1,5,5,4,1,1,4,4,4,1,4,4,1,1,,66b41679b48873793fd2993a
2025-02-05 07:44:30,2025-02-05 07:46:23,0,68.249.219.53,100,113,1,2025-02-05 07:46:23,R_5Q2GTaloQoYy4jT,,,,,32.1899,-90.2604,anonymous,EN,1,665911664c1d2a4e2d02f666,3,5,1,1,2,1,1,1,1,1,1,1,1,1,1,1,1,,665911664c1d2a4e2d02f666
2025-02-05 07:45:20,2025-02-05 07:47:20,0,198.62.219.17,100,120,1,2025-02-05 07:47:21,R_3DnFO498vmmFDPt,,,,,30.1294,-95.4238,anonymous,EN,1,6722e0e44cc7a06f022946db,2,2,5,5,5,5,5,5,5,5,5,4,4,5,5,5,5,"I love this survey and I would be willing to do anything!!
",6722e0e44cc7a06f022946db
2025-02-05 07:45:20,2025-02-05 07:47:21,0,24.14.204.8,100,121,1,2025-02-05 07:47:22,R_6eLbZO9BOkT6Q9Y,,,,,41.5067,-87.9631,anonymous,EN,1,652014a6230cfe011fd5ec48,5,4,3,2,3,1,1,1,1,4,4,5,5,4,5,3,3,,652014a6230cfe011fd5ec48
2025-02-05 07:44:57,2025-02-05 07:47:47,0,71.203.116.2,100,169,1,2025-02-05 07:47:47,R_5Lv6zbxl0gl1Gtr,,,,,39.9444,-75.5875,anonymous,EN,1,65ea0eccf8677048425a4d2c,6,5,5,1,5,3,3,4,2,1,1,4,4,2,3,2,2,,65ea0eccf8677048425a4d2c
2025-02-05 07:46:42,2025-02-05 07:47:49,0,70.109.129.117,100,67,1,2025-02-05 07:47:50,R_1awTNiJPeiTFbuK,,,,,42.883,-71.9472,anonymous,EN,1,615b01ee4cd1755b6144e0a4,5,3,4,4,4,4,4,4,5,4,4,5,5,5,5,4,4,none,615b01ee4cd1755b6144e0a4
2025-02-05 07:46:45,2025-02-05 07:48:01,0,108.16.117.137,100,76,1,2025-02-05 07:48:02,R_1GZxo2SYDvA6D2H,,,,,40.3553,-75.32,anonymous,EN,1,5e6af995a2b73d0bf367a519,5,2,4,1,5,4,2,4,1,1,1,2,2,1,1,1,1,,5e6af995a2b73d0bf367a519
2025-02-05 07:46:25,2025-02-05 07:48:04,0,129.222.163.171,100,99,1,2025-02-05 07:48:04,R_70V2ZwDb0CLJ9vA,,,,,39.0469,-77.4903,anonymous,EN,1,67701ed07351c4b6a2e45b0e,6,7,4,1,4,1,1,1,1,1,1,1,1,1,1,1,1,,67701ed07351c4b6a2e45b0e
2025-02-05 07:46:34,2025-02-05 07:48:26,0,98.159.210.253,100,111,1,2025-02-05 07:48:26,R_1xz7FQKzItnitlz,,,,,42.4444,-76.4926,anonymous,EN,1,58afb786f97de10001d131a1,6,3,5,3,5,3,3,3,2,2,2,3,2,4,3,3,2,,58afb786f97de10001d131a1
2025-02-05 07:46:14,2025-02-05 07:48:46,0,174.175.16.210,100,152,1,2025-02-05 07:48:47,R_7FlkJoiVvU4Lptv,,,,,40.35,-75.9112,anonymous,EN,1,5962ceff8474920001bd266e,5,3,4,3,5,2,1,4,2,2,2,1,1,2,2,1,1,,5962ceff8474920001bd266e
2025-02-05 07:46:12,2025-02-05 07:48:55,0,99.171.72.238,100,162,1,2025-02-05 07:48:55,R_5RkNd1UEVz7vEmW,,,,,30.9459,-83.2496,anonymous,EN,1,5ddd7db419eecbce5c2dbc6f,4,4,1,1,1,1,1,5,1,1,1,1,1,1,1,1,1,,5ddd7db419eecbce5c2dbc6f
2025-02-05 07:43:45,2025-02-05 07:49:00,0,172.14.11.89,100,314,1,2025-02-05 07:49:00,R_7wP13WRGwrMiGk1,,,,,29.9183,-95.4318,anonymous,EN,1,6658eac7e945182d30fa04d2,4,6,5,4,5,5,5,5,5,5,5,5,4,5,5,5,5,"None ",6658eac7e945182d30fa04d2
2025-02-05 07:41:11,2025-02-05 07:49:02,0,172.56.91.167,100,470,1,2025-02-05 07:49:02,R_1w180kGeZ89qwqS,,,,,29.4553,-98.5677,anonymous,EN,1,664814e4e5fc3e366657517f,3,4,4,2,5,2,3,2,2,4,4,4,4,4,4,2,2,,664814e4e5fc3e366657517f
2025-02-05 07:47:52,2025-02-05 07:49:10,0,104.8.179.209,100,77,1,2025-02-05 07:49:10,R_3dSaeN7xXEwdYHi,,,,,29.6288,-95.4369,anonymous,EN,1,66d889f9225a2153f47cfe38,5,5,1,1,5,1,1,1,1,1,1,1,1,1,1,1,1,,66d889f9225a2153f47cfe38
2025-02-05 07:47:36,2025-02-05 07:49:11,0,173.49.128.165,100,95,1,2025-02-05 07:49:11,R_3ml5sNZngJ0GbiY,,,,,39.7007,-75.7419,anonymous,EN,1,64412c367c6a0144acd0785c,5,3,2,4,4,5,5,2,1,2,2,3,3,5,5,2,2,,64412c367c6a0144acd0785c
2025-02-05 07:44:57,2025-02-05 07:49:14,0,172.56.241.9,100,257,1,2025-02-05 07:49:15,R_3q3QEp9tarRw1Ob,,,,,32.7173,-117.157,anonymous,EN,1,675f73860fab65e2e1f24d32,6,4,2,2,4,4,2,4,3,2,2,1,1,4,4,2,1,,675f73860fab65e2e1f24d32
2025-02-05 07:47:40,2025-02-05 07:49:14,0,172.220.182.82,100,94,1,2025-02-05 07:49:15,R_3Qh46IqrLbPTLc6,,,,,36.1359,-81.1573,anonymous,EN,1,5b76ce43bfc4cb0001f2c4c3,4,5,4,1,4,2,1,4,1,3,1,2,2,1,1,2,1,,5b76ce43bfc4cb0001f2c4c3
2025-02-05 07:47:54,2025-02-05 07:49:22,0,99.152.117.242,100,88,1,2025-02-05 07:49:23,R_1zP6SSOj6rDz0eR,,,,,37.4967,-122.2665,anonymous,EN,1,66ae80cec027eb018bce0148,6,5,2,2,5,4,4,3,1,4,1,2,2,5,5,4,2,Hope the study goes well!,66ae80cec027eb018bce0148
2025-02-05 07:47:04,2025-02-05 07:49:33,0,12.75.114.75,100,149,1,2025-02-05 07:49:33,R_3igqVdRF9G1clZQ,,,,,30.4304,-91.0353,anonymous,EN,1,5f20958e8fd66c3a46f2a8ed,5,2,2,1,5,5,5,3,2,1,1,5,5,4,4,2,2,,5f20958e8fd66c3a46f2a8ed
2025-02-05 07:41:17,2025-02-05 07:49:37,0,67.167.167.157,100,499,1,2025-02-05 07:49:38,R_1P6lbhNJaMKRRph,,,,,42.2385,-83.1783,anonymous,EN,1,661a0ca66cf132f3be56080d,3,3,4,3,4,2,4,2,3,3,2,2,2,4,2,2,3,,661a0ca66cf132f3be56080d
2025-02-05 07:48:49,2025-02-05 07:49:39,0,128.252.229.131,100,50,1,2025-02-05 07:49:40,R_5iwFJHJHN4wET1p,,,,,38.6487,-90.3297,anonymous,EN,1,6117ba4fd05245c3cc387782,5,2,5,1,5,4,4,5,1,1,5,1,1,5,1,1,1,,6117ba4fd05245c3cc387782
2025-02-05 07:48:38,2025-02-05 07:49:59,0,129.171.150.186,100,80,1,2025-02-05 07:49:59,R_6uqTr15OSK5tUgP,,,,,25.7641,-80.2702,anonymous,EN,1,5feacbad520dd1b090762f57,5,3,4,1,5,4,5,5,5,4,5,5,5,5,4,3,3,,5feacbad520dd1b090762f57
2025-02-05 07:47:56,2025-02-05 07:50:10,0,70.173.224.186,100,134,1,2025-02-05 07:50:11,R_6EASxiWlqY6D66g,,,,,36.0113,-115.2038,anonymous,EN,1,6234965d3869b875dc31d93a,4,3,1,5,5,4,4,1,1,2,1,3,3,4,4,1,1,,6234965d3869b875dc31d93a
2025-02-05 07:48:51,2025-02-05 07:50:30,0,24.125.161.150,100,99,1,2025-02-05 07:50:31,R_1Fn3cOdjMXnFGaR,,,,,33.9721,-84.4406,anonymous,EN,1,66293d8389dc2d02dab0e398,5,5,4,1,5,2,1,4,1,1,1,1,1,1,1,1,1,,66293d8389dc2d02dab0e398
2025-02-05 07:49:16,2025-02-05 07:50:31,0,172.56.228.214,100,74,1,2025-02-05 07:50:31,R_6EnQGsK1Vrt6Imv,,,,,33.5114,-86.8426,anonymous,EN,1,6767ca14e5207336bfda7fd2,6,3,3,4,3,4,4,4,2,4,4,5,4,3,5,4,5,,6767ca14e5207336bfda7fd2
2025-02-05 07:48:25,2025-02-05 07:50:35,0,68.226.68.64,100,130,1,2025-02-05 07:50:35,R_6TjgbXI4ln0q83D,,,,,41.314,-81.6756,anonymous,EN,1,6677fdeb6feb1f65778b2a88,5,5,2,1,2,1,1,2,1,1,1,4,3,4,3,1,1,,6677fdeb6feb1f65778b2a88
2025-02-05 07:49:02,2025-02-05 07:50:51,0,73.122.158.251,100,108,1,2025-02-05 07:50:52,R_1PwvbO2C9zBQmQh,,,,,33.6026,-84.4769,anonymous,EN,1,5e83adf76ea9870c99d4b086,5,3,4,4,5,4,4,4,2,5,5,1,1,5,5,1,1,,5e83adf76ea9870c99d4b086
2025-02-05 07:48:19,2025-02-05 07:50:54,0,172.56.225.77,100,154,1,2025-02-05 07:50:54,R_73BE97OrqOPXotW,,,,,33.6454,-86.7014,anonymous,EN,1,65c631b7035de5d5421633d2,6,5,3,2,4,1,4,2,1,1,1,1,1,4,3,1,1,,65c631b7035de5d5421633d2
2025-02-05 07:49:08,2025-02-05 07:51:10,0,73.84.198.118,100,122,1,2025-02-05 07:51:13,R_3idwgLVyobQrjC9,,,,,26.6642,-80.1732,anonymous,EN,1,66fc681e947d5e7b1267b9bd,5,5,4,2,4,2,2,4,2,2,2,3,3,4,4,1,2,,66fc681e947d5e7b1267b9bd
2025-02-05 07:50:19,2025-02-05 07:51:14,0,96.42.122.214,100,54,1,2025-02-05 07:51:14,R_1CDRU190JDwbqok,,,,,45.5722,-94.2042,anonymous,EN,1,5ffc9218eb4ab30bbeb6c301,4,3,3,3,3,5,3,3,3,4,4,3,3,3,3,3,4,,5ffc9218eb4ab30bbeb6c301
2025-02-05 07:49:52,2025-02-05 07:51:14,0,108.243.16.140,100,82,1,2025-02-05 07:51:15,R_5M04yIt3AjEe9w7,,,,,42.9282,-85.5473,anonymous,EN,1,66a257bcda54ce8bfd5f52de,2,3,3,1,5,1,3,4,1,1,1,3,3,1,1,1,1,,66a257bcda54ce8bfd5f52de
2025-02-05 07:45:26,2025-02-05 07:51:45,0,74.111.98.43,100,378,1,2025-02-05 07:51:45,R_1kbV9Sf20jOnzYf,,,,,40.4324,-79.9247,anonymous,EN,1,5b8c12882cb1e4000133137e,5,4,4,4,5,2,2,1,1,2,2,3,3,4,4,2,2,,5b8c12882cb1e4000133137e
2025-02-05 07:50:32,2025-02-05 07:51:45,0,172.124.105.242,100,72,1,2025-02-05 07:51:46,R_6HN7XRGpzt009WO,,,,,36.0229,-78.9464,anonymous,EN,1,6643c274bfc790efff3b48e4,7,3,3,2,4,2,2,2,2,4,2,2,4,4,5,4,2,,6643c274bfc790efff3b48e4
2025-02-05 07:47:21,2025-02-05 07:52:16,0,108.32.54.210,100,294,1,2025-02-05 07:52:16,R_1ttEKvwCgeySV2z,,,,,40.4159,-79.9002,anonymous,EN,1,57ac740478a38d00017cce22,2,6,2,2,4,4,3,3,2,1,1,1,1,3,2,1,1,,57ac740478a38d00017cce22
2025-02-05 07:50:48,2025-02-05 07:52:29,0,136.226.78.103,100,100,1,2025-02-05 07:52:29,R_7cUAgLDxu8uAuqd,,,,,37.3388,-121.8916,anonymous,EN,1,627120b98967a5dbd4922c2e,6,4,5,2,5,1,3,4,2,3,3,3,3,3,2,2,3,,627120b98967a5dbd4922c2e
2025-02-05 07:50:37,2025-02-05 07:52:41,0,99.35.182.99,100,124,1,2025-02-05 07:52:42,R_70MH2tjavYhzcfO,,,,,29.5718,-95.1305,anonymous,EN,1,5dd34f284b0e0c362eb11615,3,5,4,5,3,4,4,5,5,5,5,5,4,3,5,2,2,,5dd34f284b0e0c362eb11615
2025-02-05 07:50:54,2025-02-05 07:53:04,0,73.43.84.25,100,130,1,2025-02-05 07:53:05,R_1KqPfOtdIqFTTBw,,,,,33.9141,-84.8274,anonymous,EN,1,647f2d441bd745bf64c3d076,5,5,5,1,5,4,4,5,4,5,5,5,5,5,5,5,5,,647f2d441bd745bf64c3d076
2025-02-05 07:52:39,2025-02-05 07:54:22,0,65.38.124.86,100,103,1,2025-02-05 07:54:22,R_3bT07I2fk2Z0Wrf,,,,,36.7969,-76.1797,anonymous,EN,1,6642443d20c6756676eb72c3,6,4,1,1,3,1,1,1,1,1,1,1,1,1,1,1,1,I would not be willing to provide access to this data.,6642443d20c6756676eb72c3
2025-02-05 07:50:14,2025-02-05 07:54:28,0,96.241.248.57,100,254,1,2025-02-05 07:54:29,R_1pEQVWitwnmqybL,,,,,38.8476,-77.3281,anonymous,EN,1,5e8e7167572c651246e08a7b,3,4,4,3,4,3,4,2,2,4,4,4,4,4,3,2,2,,5e8e7167572c651246e08a7b
2025-02-05 07:51:07,2025-02-05 07:54:38,0,136.53.136.163,100,211,1,2025-02-05 07:54:39,R_7XD2Z0TsdNHaHyF,,,,,34.7036,-86.6125,anonymous,EN,1,659852d1ee0c3cf02b15c88e,6,6,2,3,4,3,2,2,1,1,1,1,1,1,1,1,1,,659852d1ee0c3cf02b15c88e
2025-02-05 07:51:09,2025-02-05 07:55:51,0,97.177.109.78,100,282,1,2025-02-05 07:55:52,R_1RtXNqtSenC1RQJ,,,,,41.1974,-73.1714,anonymous,EN,1,60ff2c17c5bd6b4c55e72b43,5,3,4,2,5,1,1,1,1,1,1,1,1,1,2,1,1,,60ff2c17c5bd6b4c55e72b43
2025-02-05 07:51:24,2025-02-05 07:55:55,0,172.56.219.109,100,271,1,2025-02-05 07:55:55,R_7B8KxOkiC5CyTXU,,,,,40.0345,-75.1193,anonymous,EN,1,64707fd9bca46372e3a80468,4,5,5,4,5,5,5,5,4,3,3,5,5,4,5,5,5,,64707fd9bca46372e3a80468
2025-02-05 07:48:59,2025-02-05 07:56:04,0,107.199.40.34,100,425,1,2025-02-05 07:56:05,R_7j4gULbQjQxcb1T,,,,,33.5631,-84.5832,anonymous,EN,1,66635bba3a9f49a2dd23cac3,3,7,3,1,3,1,1,1,1,1,1,1,1,1,1,1,1,"I believe, that our privacy, and our rights to privacy, are slowly being taken away. This is not good for any of us.",66635bba3a9f49a2dd23cac3
2025-02-05 07:52:51,2025-02-05 07:57:33,0,67.44.160.25,100,281,1,2025-02-05 07:57:33,R_7pSTt2ukRWZO9KM,,,,,35.7919,-78.6541,anonymous,EN,1,5f032c613963d04d69c9327b,3,7,3,3,4,2,2,2,1,3,4,4,3,2,2,2,2,"Thank you. ",5f032c613963d04d69c9327b
2025-02-05 07:53:06,2025-02-05 07:58:29,0,212.116.254.30,100,323,1,2025-02-05 07:58:30,R_7YCwYiHPogHlT0J,,,,,39.0469,-77.4903,anonymous,EN,1,647660ef7bc13de7eaf0c76e,6,7,4,1,5,3,4,1,2,2,2,2,2,3,4,1,3,it was a good survey.,647660ef7bc13de7eaf0c76e
2025-02-05 07:51:28,2025-02-05 07:59:42,0,72.45.243.58,100,493,1,2025-02-05 07:59:42,R_50uOexAMaRcAM2c,,,,,42.781,-73.9115,anonymous,EN,1,6750718c7d08a1b658702c22,2,4,5,3,5,4,4,1,1,4,4,5,4,3,4,2,2,i am an introvert and private person who is only willing to expose certain things about my private life if i have a blanket of security to cover up in should i begin to feel uncomfortable.,6750718c7d08a1b658702c22
2025-02-05 07:52:52,2025-02-05 08:00:11,0,35.149.232.140,100,438,1,2025-02-05 08:00:11,R_5H8Gz15q28msQnQ,,,,,41.71,-72.2101,anonymous,EN,1,5c8ef3c2d7ecab0018d528da,5,5,3,1,3,1,1,1,1,1,1,1,1,2,1,1,2,,5c8ef3c2d7ecab0018d528da
2025-02-05 08:02:13,2025-02-05 08:03:18,0,76.184.5.20,100,65,1,2025-02-05 08:03:18,R_136LrPb58Bpw5Bn,,,,,32.7816,-97.0828,anonymous,EN,1,666f9b23519a8d810a4c5b8a,3,2,5,4,5,4,4,4,4,5,4,3,3,4,4,2,3,,666f9b23519a8d810a4c5b8a
2025-02-05 08:02:33,2025-02-05 08:03:49,0,47.50.141.206,100,76,1,2025-02-05 08:03:50,R_5TVlSa6Lf7cdjr3,,,,,38.7669,-93.7291,anonymous,EN,1,5c7f2dc436ad0a00110bb122,4,4,1,3,1,2,1,3,1,3,1,1,1,1,1,1,1,N/A,5c7f2dc436ad0a00110bb122
2025-02-05 08:02:59,2025-02-05 08:04:42,0,68.131.57.145,100,103,1,2025-02-05 08:04:43,R_5lDmZo9opf8ueAy,,,,,36.8375,-76.0976,anonymous,EN,1,5dbacecee2fafc0e38007428,2,3,2,1,4,2,3,2,1,2,2,1,1,4,4,1,1,,5dbacecee2fafc0e38007428
2025-02-05 08:04:00,2025-02-05 08:05:49,0,174.200.134.227,100,109,1,2025-02-05 08:05:50,R_1wmCe81HfEFWEke,,,,,41.7467,-87.7207,anonymous,EN,1,60fc8001661feddb796ef7a0,5,4,4,2,4,1,1,2,1,1,1,1,1,3,3,1,1,,60fc8001661feddb796ef7a0
2025-02-05 08:04:37,2025-02-05 08:05:59,0,35.150.198.0,100,82,1,2025-02-05 08:06:00,R_54wfHqiuv1ih2hP,,,,,35.4986,-86.0848,anonymous,EN,1,6672394774f0704913ff5539,2,2,4,3,3,1,1,1,1,1,1,1,1,1,1,1,1,,6672394774f0704913ff5539
2025-02-05 08:04:49,2025-02-05 08:06:35,0,75.246.227.83,100,105,1,2025-02-05 08:06:35,R_61AHfu65KtiaVqN,,,,,43.0037,-78.8496,anonymous,EN,1,65c0e2c666436599bbc02dc8,4,4,5,5,5,5,5,5,5,5,5,5,5,5,5,5,5,,65c0e2c666436599bbc02dc8
2025-02-05 08:06:36,2025-02-05 08:07:25,0,128.226.34.71,100,48,1,2025-02-05 08:07:25,R_3eXPXiOjpoRzFvC,,,,,42.1126,-75.9305,anonymous,EN,1,65d6a09286a0c99e632a46dd,6,2,3,2,2,1,2,2,1,1,1,2,3,4,4,1,2,,65d6a09286a0c99e632a46dd
2025-02-05 08:05:44,2025-02-05 08:07:28,0,198.21.166.231,100,103,1,2025-02-05 08:07:28,R_3GE582wbyXzSsCJ,,,,,34.6805,-82.8231,anonymous,EN,1,6786be75f5eb543b17c971b9,3,2,5,1,5,4,4,1,1,2,2,2,2,4,4,1,2,,6786be75f5eb543b17c971b9
2025-02-05 08:06:57,2025-02-05 08:07:57,0,212.116.254.176,100,59,1,2025-02-05 08:07:57,R_5kCk3WFSWuffSLv,,,,,39.0469,-77.4903,anonymous,EN,1,5e4817a6e98da32bd77e901e,5,3,4,4,4,4,4,4,4,2,4,4,4,4,4,4,4,,5e4817a6e98da32bd77e901e
2025-02-05 08:06:06,2025-02-05 08:08:07,0,35.142.242.172,100,120,1,2025-02-05 08:08:07,R_7iWgEsLGqFuD7ra,,,,,28.3022,-82.6264,anonymous,EN,1,5e651a304eb006294c9164ea,5,3,1,1,4,5,5,1,1,4,4,2,3,4,4,2,2,,5e651a304eb006294c9164ea
2025-02-05 08:05:03,2025-02-05 08:08:10,0,172.59.114.153,100,187,1,2025-02-05 08:08:11,R_3qZQOMdrI54nKuJ,,,,,37.4365,-77.4807,anonymous,EN,1,665a1ad3793f89681898b4ce,3,6,5,3,4,2,3,4,3,2,1,2,2,2,1,1,1,,665a1ad3793f89681898b4ce
2025-02-05 08:06:38,2025-02-05 08:08:51,0,70.180.144.226,100,133,1,2025-02-05 08:08:52,R_72WleRqgT121brE,,,,,36.0588,-115.3104,anonymous,EN,1,572d55e1109ab600105176ba,8,3,5,5,5,4,4,1,1,1,1,1,1,4,3,1,1,,572d55e1109ab600105176ba
2025-02-05 08:07:07,2025-02-05 08:09:03,0,172.59.76.23,100,116,1,2025-02-05 08:09:03,R_6WHUoISEXKRYoED,,,,,39.0353,-94.4636,anonymous,EN,1,663293f329e2d013e0d289f2,3,5,1,1,4,1,1,4,4,2,2,2,2,4,4,1,2,You have a typo you said. How willing would you be to share our face photo? It should be your face photo,663293f329e2d013e0d289f2
2025-02-05 08:06:54,2025-02-05 08:09:23,0,69.72.121.154,100,148,1,2025-02-05 08:09:23,R_7rGEMSFJvjUD5Im,,,,,35.9077,-94.9905,anonymous,EN,1,634daef76b207fe8342f06fe,3,4,1,1,4,1,1,4,1,1,4,1,1,3,4,1,4,,634daef76b207fe8342f06fe
2025-02-05 08:06:03,2025-02-05 08:09:26,0,24.177.82.9,100,202,1,2025-02-05 08:09:26,R_7pmB6jVwYn745PI,,,,,41.3326,-73.2073,anonymous,EN,1,6054e1ddb68b58dd23242765,5,4,1,1,1,1,1,1,1,1,1,1,1,1,1,1,1,,6054e1ddb68b58dd23242765
2025-02-05 08:07:52,2025-02-05 08:09:30,0,100.1.249.179,100,97,1,2025-02-05 08:09:30,R_3VxMJSMt1YHT2q5,,,,,40.6496,-74.3505,anonymous,EN,1,5d48f454fb0ce0001a050283,6,5,5,1,5,5,4,3,1,1,1,1,1,1,1,1,1,,5d48f454fb0ce0001a050283
2025-02-05 08:08:18,2025-02-05 08:09:43,0,173.233.9.183,100,84,1,2025-02-05 08:09:44,R_3ISsuMQZSkN6pEi,,,,,40.6191,-79.9617,anonymous,EN,1,664647c5b2cc8a7aef9982a5,5,3,3,3,5,1,1,2,1,1,1,1,1,3,2,1,1,,664647c5b2cc8a7aef9982a5
2025-02-05 08:07:14,2025-02-05 08:11:08,0,97.166.104.155,100,233,1,2025-02-05 08:11:09,R_6VdsDc178hCFoFH,,,,,35.4155,-80.6143,anonymous,EN,1,67a35bb5cef72df7bbc5e1cf,6,7,4,3,4,4,1,4,2,3,3,4,4,4,2,2,2,,67a35bb5cef72df7bbc5e1cf
2025-02-05 08:09:37,2025-02-05 08:11:33,0,75.8.34.241,100,115,1,2025-02-05 08:11:33,R_71rSBoJeqihNHWh,,,,,33.3246,-96.7844,anonymous,EN,1,5c5c7f9cdff4b30001aa79a5,6,4,3,2,4,4,4,4,4,2,2,2,2,2,2,2,3,,5c5c7f9cdff4b30001aa79a5
2025-02-05 08:10:43,2025-02-05 08:12:20,0,136.56.40.134,100,96,1,2025-02-05 08:12:20,R_1ZV4xhQk7UX8veY,,,,,35.7622,-78.6016,anonymous,EN,1,66d892817b6782c69aaba94e,4,3,3,3,5,3,3,3,3,3,3,3,3,3,3,3,3,,66d892817b6782c69aaba94e
2025-02-05 08:10:53,2025-02-05 08:12:27,0,144.129.178.162,100,93,1,2025-02-05 08:12:28,R_1erge3foHm3YwjD,,,,,28.5978,-81.3024,anonymous,EN,1,62951620b89e0ab0b347cfa1,5,3,4,1,5,1,1,4,1,1,1,1,1,3,1,1,1,N/A,62951620b89e0ab0b347cfa1
2025-02-05 08:09:00,2025-02-05 08:12:32,0,73.20.61.61,100,211,1,2025-02-05 08:12:32,R_6j6xPtQLhPGBacX,,,,,40.6566,-111.8907,anonymous,EN,1,66c7adc45a77680b4053f8e2,3,2,4,1,4,3,3,5,1,1,1,2,3,5,4,4,1,,66c7adc45a77680b4053f8e2
2025-02-05 08:10:58,2025-02-05 08:12:40,0,148.77.46.252,100,101,1,2025-02-05 08:12:40,R_7QhZBY6fhjDxkTs,,,,,40.6941,-75.2904,anonymous,EN,1,661c192305de463b9f025ed0,5,3,5,1,5,5,1,5,1,1,1,1,1,5,1,1,1,"Interesting study. Would be interested in participating in similar ones like these! ",661c192305de463b9f025ed0
2025-02-05 08:10:31,2025-02-05 08:12:54,0,162.192.110.3,100,142,1,2025-02-05 08:12:54,R_5krytngjeTa67g5,,,,,33.6432,-83.9681,anonymous,EN,1,5f233e697cbaef0e3868725a,2,4,2,2,5,5,4,4,1,3,3,4,4,5,5,2,2,,5f233e697cbaef0e3868725a
2025-02-05 08:16:09,2025-02-05 08:17:37,0,68.93.135.50,100,87,1,2025-02-05 08:17:37,R_1rfi4QOXH9qMaEb,,,,,38.2213,-85.7396,anonymous,EN,1,578bcb2c09fb91000133750e,5,4,1,1,5,4,2,4,1,2,2,4,4,4,4,1,1,,578bcb2c09fb91000133750e
2025-02-05 08:12:18,2025-02-05 08:17:58,0,99.58.201.214,100,339,1,2025-02-05 08:17:58,R_7Pp5hWZbfAQ01kC,,,,,30.45,-81.6624,anonymous,EN,1,66587fc76ffbd0dff98853c6,5,3,5,1,4,5,1,1,1,1,1,3,3,3,5,1,1,"Most of the information that I would withhold is out of embarrassment. ",66587fc76ffbd0dff98853c6
2025-02-05 08:15:01,2025-02-05 08:18:30,0,65.29.81.60,100,208,1,2025-02-05 08:18:30,R_7gZVnat6j6efh7P,,,,,39.8255,-84.2012,anonymous,EN,1,60b3e0e13e007364dd1791b5,6,2,2,1,5,4,4,1,1,2,2,2,2,4,4,2,2,,60b3e0e13e007364dd1791b5
2025-02-05 08:15:01,2025-02-05 08:18:31,0,104.173.118.71,100,210,1,2025-02-05 08:18:32,R_6qHy4Jdh70SK7hk,,,,,34.5705,-118.029,anonymous,EN,1,663a73c05e670e0f32b6ae4f,5,3,2,1,5,1,1,1,1,1,1,1,1,1,1,1,1,"Data privacy has always been very important to me. As someone who has worked in marketing and seen the insidious and invasive ways in which companies use big data and personalized info, I've always been uncomfortable with it.
And now, seeing how anything I put online can be ripped and used to train AI without my knowledge or consent, I'm more bothered by it.
I also don't trust these companies to keep any of my personal data (big or small) safe. I've been the victim of 3 data leaks so far, from my college, my bank, and my healthcare provider. So I'm not going to give data beyond my written opinion to anyone if I can help it. But I do love doing surveys!",663a73c05e670e0f32b6ae4f
2025-02-05 08:15:08,2025-02-05 08:18:37,0,107.190.187.40,100,208,1,2025-02-05 08:18:37,R_3sbAZjNbhBNgoYM,,,,,43.5553,-111.8922,anonymous,EN,1,66ec5153cbf5334248b0c79f,1,4,4,2,5,4,4,4,4,3,2,3,3,4,4,2,3,"No additional comments. ",66ec5153cbf5334248b0c79f
2025-02-05 08:17:13,2025-02-05 08:19:41,0,64.121.197.47,100,147,1,2025-02-05 08:19:41,R_7kdaarvXQt3WwZb,,,,,40.6941,-75.2904,anonymous,EN,1,5dc0a5b5b4cc78050437f1b4,4,5,4,3,5,5,5,4,3,4,4,4,3,5,4,4,4,,5dc0a5b5b4cc78050437f1b4
2025-02-05 08:17:25,2025-02-05 08:19:53,0,100.37.176.194,100,148,1,2025-02-05 08:19:54,R_1EiMiuchQOfnDIk,,,,,40.7365,-74.0055,anonymous,EN,1,5dcf34f64fee9907fc626f0f,6,8,5,1,5,1,1,1,1,1,1,1,1,1,1,1,1,Nothing is private anymore as it is now. I try to guard my personal information as much as I can. Thank you!,5dcf34f64fee9907fc626f0f
2025-02-05 08:18:45,2025-02-05 08:20:06,0,50.216.61.8,100,81,1,2025-02-05 08:20:06,R_6iLwSfvBPg6w8ta,,,,,41.3571,-72.9334,anonymous,EN,1,62c8e8bf2d09810208eb27a6,2,3,1,2,2,4,3,4,2,5,4,2,1,4,4,4,2,,62c8e8bf2d09810208eb27a6
2025-02-05 08:18:57,2025-02-05 08:20:19,0,172.58.134.242,100,81,1,2025-02-05 08:20:19,R_7LdhXKe5tHDQqlP,,,,,26.1481,-80.2088,anonymous,EN,1,662fae2c903aa4e24fabed3e,6,5,1,2,2,4,2,1,1,1,1,2,1,2,1,1,1,,662fae2c903aa4e24fabed3e
2025-02-05 08:19:00,2025-02-05 08:20:51,0,70.113.102.77,100,110,1,2025-02-05 08:20:52,R_6MY6InZpsQi2ItY,,,,,30.5089,-97.6796,anonymous,EN,1,66cc7b385766598c0227cfa4,5,3,2,1,1,2,1,1,1,1,1,1,1,1,2,1,1,,66cc7b385766598c0227cfa4
2025-02-05 08:20:32,2025-02-05 08:21:27,0,68.198.185.57,100,55,1,2025-02-05 08:21:27,R_5AM4jKRNVwqjHCE,,,,,40.5828,-73.9532,anonymous,EN,1,66d71dbb91a283b5a18fb170,5,4,5,5,5,5,5,5,5,5,5,5,5,5,5,5,5,,66d71dbb91a283b5a18fb170
2025-02-05 08:20:47,2025-02-05 08:21:58,0,24.217.185.185,100,71,1,2025-02-05 08:21:58,R_3l0HH3EeUaU9UE9,,,,,38.7808,-90.6355,anonymous,EN,1,66d719a522a3689e93fd0351,6,3,4,1,4,2,2,1,1,1,1,1,1,1,1,1,1,,66d719a522a3689e93fd0351
2025-02-05 08:15:26,2025-02-05 08:23:18,0,74.122.59.227,100,471,1,2025-02-05 08:23:18,R_5qPqKQmFNRNSzMA,,,,,37.751,-97.822,anonymous,EN,1,664d9194e49497decd4a5536,6,4,3,1,3,1,1,1,1,2,2,1,1,1,1,2,1,,664d9194e49497decd4a5536
2025-02-05 08:21:07,2025-02-05 08:23:26,0,149.169.248.167,100,139,1,2025-02-05 08:23:27,R_3E7fXDM4p4245GH,,,,,33.3429,-111.6347,anonymous,EN,1,62b7ccbcd0d33ba41c784cee,6,4,3,3,4,4,4,4,2,2,1,1,1,4,4,2,2,,62b7ccbcd0d33ba41c784cee
2025-02-05 08:20:49,2025-02-05 08:24:19,0,71.200.81.246,100,209,1,2025-02-05 08:24:19,R_6fcUqjfTtRuq31c,,,,,39.0743,-75.766,anonymous,EN,1,671fa640613553ae54b0b526,2,5,1,1,1,1,1,1,1,1,1,1,1,1,1,1,1,,671fa640613553ae54b0b526
2025-02-05 08:23:07,2025-02-05 08:25:17,0,47.198.50.112,100,130,1,2025-02-05 08:25:18,R_5PDZmXafC5iiXYJ,,,,,27.4978,-82.4088,anonymous,EN,1,669a6c7ff3b4ff305f58eaa7,6,5,4,3,4,4,4,4,4,3,2,4,4,4,4,4,3,,669a6c7ff3b4ff305f58eaa7
2025-02-05 08:24:55,2025-02-05 08:27:04,0,72.43.177.210,100,129,1,2025-02-05 08:27:05,R_7qhKSr4nSr4LG6d,,,,,40.7307,-73.7932,anonymous,EN,1,6107d606c44f4139b1eed74b,3,2,4,1,4,2,1,2,1,4,4,4,4,4,5,1,1,,6107d606c44f4139b1eed74b
2025-02-05 08:25:29,2025-02-05 08:27:36,0,50.96.252.249,100,126,1,2025-02-05 08:27:36,R_6IRUD6L429Lirc7,,,,,31.7227,-83.2559,anonymous,EN,1,5db4a409d27e05000f0eaa00,2,3,3,1,1,1,1,1,1,2,1,1,1,1,1,1,1,none,5db4a409d27e05000f0eaa00
2025-02-05 08:15:38,2025-02-05 08:28:13,0,174.202.162.82,100,754,1,2025-02-05 08:28:14,R_38QHc3fdYAYPzsl,,,,,35.2025,-97.4835,anonymous,EN,1,614deec82f82c126feeddf3d,7,4,5,4,5,4,3,5,4,4,4,3,4,5,5,3,3,N/A,614deec82f82c126feeddf3d
2025-02-05 08:27:59,2025-02-05 08:28:52,0,173.77.223.160,100,52,1,2025-02-05 08:28:52,R_1o1EGttjPaMjDHz,,,,,40.8518,-73.8705,anonymous,EN,1,62ceba5fdab49dfc90278cbb,3,3,5,5,5,5,5,5,5,5,5,5,5,5,5,5,5,,62ceba5fdab49dfc90278cbb
2025-02-05 08:29:57,2025-02-05 08:31:45,0,74.101.160.45,100,107,1,2025-02-05 08:31:45,R_7hZmxvKUwa0puII,,,,,40.781,-73.9501,anonymous,EN,1,6630fa02e113b5684f5f6771,7,4,3,2,5,5,5,4,2,4,3,3,1,4,4,1,1,,6630fa02e113b5684f5f6771
2025-02-05 08:31:49,2025-02-05 08:32:59,0,108.247.103.196,100,70,1,2025-02-05 08:32:59,R_3O7I8JieTbYhJwv,,,,,38.6831,-89.9842,anonymous,EN,1,5f0fab5abdec9a1aff2b2744,5,3,4,3,5,5,5,4,4,4,4,2,2,5,5,2,2,,5f0fab5abdec9a1aff2b2744
2025-02-05 08:33:18,2025-02-05 08:34:32,0,74.83.2.110,100,73,1,2025-02-05 08:34:33,R_3EoyM01UWEHi6V0,,,,,39.139,-84.4296,anonymous,EN,1,60fe16e4ceea06b4799435c8,3,4,4,1,4,1,1,2,1,1,1,1,1,1,1,1,1,,60fe16e4ceea06b4799435c8
2025-02-05 08:32:54,2025-02-05 08:35:05,0,158.62.188.58,100,131,1,2025-02-05 08:35:06,R_1rOTeSrSpvzHItA,,,,,35.4118,-97.3319,anonymous,EN,1,5fb156d6e16ee65ed2558d7c,5,2,5,2,5,5,4,5,2,4,4,4,4,4,4,3,3,Thanks for allowing me the opportunity to participate in this study.,5fb156d6e16ee65ed2558d7c
2025-02-05 08:36:55,2025-02-05 08:38:10,0,162.221.219.20,100,75,1,2025-02-05 08:38:10,R_3RBkVZs9symYaYx,,,,,37.9874,-84.4804,anonymous,EN,1,6306d29af0c80316a9c5aa1b,5,3,5,1,5,1,1,1,1,1,1,1,1,1,1,1,1,,6306d29af0c80316a9c5aa1b
2025-02-05 08:31:43,2025-02-05 08:38:14,0,71.60.33.207,100,391,1,2025-02-05 08:38:14,R_5mr7qnJ8MJmEp6K,,,,,40.009,-76.3631,anonymous,EN,1,5ec9fc1650b79c158be48421,3,5,4,2,4,4,4,3,3,3,3,4,4,4,3,4,4,,5ec9fc1650b79c158be48421
2025-02-05 08:37:12,2025-02-05 08:38:21,0,96.27.235.181,100,69,1,2025-02-05 08:38:22,R_76o1o0xbf9oRgSW,,,,,42.4802,-83.0197,anonymous,EN,1,601c3d70bd4849701c691c0d,5,3,5,1,5,5,5,4,2,1,1,1,2,5,5,3,2,,601c3d70bd4849701c691c0d
2025-02-05 08:39:29,2025-02-05 08:41:04,0,172.56.72.188,100,95,1,2025-02-05 08:41:05,R_3oolrYeESkZw4m8,,,,,28.4883,-81.4061,anonymous,EN,1,6698f6841ea17860f25b306d,5,5,1,1,1,1,1,1,1,1,1,1,1,1,1,1,1,,6698f6841ea17860f25b306d
2025-02-05 08:42:09,2025-02-05 08:43:38,0,174.108.20.69,100,88,1,2025-02-05 08:43:39,R_7F2EYHT0b3tmOKB,,,,,35.6206,-80.4029,anonymous,EN,1,628bbe2c0f8080e6985e8592,4,3,3,4,5,4,4,3,3,2,3,3,3,4,4,4,4,"no further comments
",628bbe2c0f8080e6985e8592
2025-02-05 08:43:03,2025-02-05 08:44:12,0,73.20.21.202,100,68,1,2025-02-05 08:44:12,R_6tL7BLIhj0pRwTN,,,,,41.1919,-111.9474,anonymous,EN,1,67463e8f42e18b5c296fb0b1,5,3,1,1,5,1,1,1,1,1,1,1,1,1,1,1,1,,67463e8f42e18b5c296fb0b1
2025-02-05 08:43:32,2025-02-05 08:45:43,0,68.184.49.35,100,131,1,2025-02-05 08:45:44,R_7JUWlBVi4O8GHkt,,,,,34.5485,-87.0036,anonymous,EN,1,558bbd56fdf99b2127e1f359,4,5,5,4,5,2,4,5,4,4,4,4,4,5,4,4,4,,558bbd56fdf99b2127e1f359
2025-02-05 08:31:40,2025-02-05 08:46:33,0,139.171.33.20,100,892,1,2025-02-05 08:46:33,R_1oflo2VhBDF78xX,,,,,37.751,-97.822,anonymous,EN,1,678a0950a1c56f667456fc2f,6,5,3,4,4,4,4,4,3,5,4,3,4,4,4,2,4,,678a0950a1c56f667456fc2f
2025-02-05 08:45:00,2025-02-05 08:48:01,0,70.44.167.87,100,181,1,2025-02-05 08:48:02,R_6hAwKv3z5qKvfbD,,,,,40.3368,-75.8744,anonymous,EN,1,651701711294a92ff791d9c7,10,5,1,1,5,4,4,4,4,1,1,1,1,1,1,1,1,,651701711294a92ff791d9c7
2025-02-05 08:47:57,2025-02-05 08:49:35,0,70.176.229.62,100,98,1,2025-02-05 08:49:36,R_3fJ2v5VAkeoquuc,,,,,33.6563,-112.1706,anonymous,EN,1,5fdd503ee766bb41fd50f9d1,3,4,4,1,4,4,4,5,2,2,2,4,4,4,4,4,4,,5fdd503ee766bb41fd50f9d1
2025-02-05 08:49:03,2025-02-05 08:50:46,0,172.59.219.158,100,103,1,2025-02-05 08:50:47,R_7Pb5232jVKJxNBk,,,,,35.2369,-80.8957,anonymous,EN,1,5d14c08b63f5660018e9c499,2,5,4,1,4,2,2,1,1,1,1,1,1,4,4,1,1,,5d14c08b63f5660018e9c499
2025-02-05 08:50:57,2025-02-05 08:52:20,0,97.139.53.249,100,83,1,2025-02-05 08:52:21,R_6CjQAgoF9pmW5pI,,,,,29.9357,-95.4014,anonymous,EN,1,6765bcfbba1b23a6d35d9610,5,2,4,1,1,1,1,1,1,1,1,1,1,1,1,1,1,,6765bcfbba1b23a6d35d9610
2025-02-05 08:51:27,2025-02-05 08:53:49,0,174.59.170.226,100,142,1,2025-02-05 08:53:50,R_1Gmbprj1NCj9F4d,,,,,40.3278,-75.9953,anonymous,EN,1,665dfd82ae98d810b7b83907,5,6,5,2,5,5,5,5,4,4,4,5,5,5,5,5,5,,665dfd82ae98d810b7b83907
2025-02-05 09:02:26,2025-02-05 09:04:53,0,75.68.81.62,100,147,1,2025-02-05 09:04:54,R_5kv1ba34u8o9p0f,,,,,43.0729,-70.8052,anonymous,EN,1,622a2b1c561ce3cd95519fd2,3,6,3,3,4,2,1,4,3,2,1,1,1,1,1,1,2,,622a2b1c561ce3cd95519fd2
